Workbook

Sheet 日常水質
A1: 筒賀水質管理センター 維持管理週報 | M1: 令和8年3月
I3: 46083 | J3: =I3+1 | K3: =J3+1 | L3: =K3+1 | M3: =L3+1 | N3: =M3+3 | O3: 平均
A4: 全日電力量 | G4: Kｗｈ
A5: 力測電力量 | G5: Kｗｈ
A6: 無効電力量 | G6: Kvar
A7: デマンド | G7: Kw
A8: 水道使用量 | G8: ㎥
A9: 軽油（残量） | G9: ℓ
A10: 返送汚泥流量（№1） | G10: ㎥
A11: 返送汚泥流量（№2） | G11: ㎥
A12: 放流流量 | G12: ㎥
A13: 日 常 水 質 測 定 結 果
A14: 測 定 項 目 | I14: 測定場所 | J14: =I3 | K14: =J3 | L14: =K3 | M14: =L3 | N14: =M3 | O14: =O3
I15: 測定者 | J15: 山根 悠貴 | K15: 山根 悠貴 | L15: 山根 悠貴 | M15: 山根 悠貴 | N15: 山根 悠貴
A16: 水温 | G16: ℃ | I16: 流入
I17: ディッチ、１
I18: ディッチ、２
I19: 放流
A20: 外観 | C20: 油膜・色合 | G20: 有無 | I20: 流入
I21: ディッチ、１
I22: ディッチ、２
I23: 放流
A24: 透視度 | G24: ｃｍ | I24: 流入水
I25: 放流水
A26: 臭気 | C26: 腐敗臭 | G26: 有無 | I26: 流入
I27: ディッチ、１
I28: ディッチ、２
I29: 放流
A30: PH | G30: ― | I30: 流入
I31: ディッチ、１
I32: ディッチ、２
I33: 放流
A34: SV | C34: SV・30 | G34: ％ | I34: １系
C35: SV・２４ｈ
A36: SV | C36: SV・30 | G36: ％ | I36: ２系
C37: SV・２４ｈ
A38: 反応槽 | C38: MLSS | G38: ㎎/ℓ | I38: 1系
I39: 2系
A40: 汚泥界面 | G40: ｃｍ | I40: １系終沈
I41: ２系終沈
A42: 残留塩素 | G42: ㎎/ℓ | I42: 放流水
A43: 塩素投入量 | G43: kg | I43: 塩素混和池
A44: 備 考
A53: 筒賀水質管理センター 維持管理週報 | M53: =M1
I55: =N3 | J55: =I55+1 | K55: =J55+1 | L55: =K55+1 | M55: =L55+1 | N55: =M55+3 | O55: 平均
A56: 全日電力量 | G56: Kｗｈ
A57: 力測電力量 | G57: Kｗｈ
A58: 無効電力量 | G58: Kvar
A59: デマンド | G59: Kw
A60: 水道使用量 | G60: ㎥
A61: 軽油（残量） | G61: ℓ
A62: 返送汚泥流量（№1） | G62: ㎥
A63: 返送汚泥流量（№2） | G63: ㎥
A64: 放流流量 | G64: ㎥
A65: 日 常 水 質 測 定 結 果
A66: 測 定 項 目 | I66: 測定場所 | J66: =I55 | K66: =J55 | L66: =K55 | M66: =L55 | N66: =M55 | O66: =O55
I67: 測定者 | J67: 山根 悠貴 | K67: 山根 悠貴 | L67: 山根 悠貴 | M67: 山根 悠貴 | N67: 山根 悠貴
A68: 水温 | G68: ℃ | I68: 流入
I69: ディッチ、１
I70: ディッチ、２
I71: 放流
A72: 外観 | C72: 油膜・色合 | G72: 有無 | I72: 流入
I73: ディッチ、１
I74: ディッチ、２
I75: 放流
A76: 透視度 | G76: ｃｍ | I76: 流入水
I77: 放流水
A78: 臭気 | C78: 腐敗臭 | G78: 有無 | I78: 流入
I79: ディッチ、１
I80: ディッチ、２
I81: 放流
A82: PH | G82: ― | I82: 流入
I83: ディッチ、１
I84: ディッチ、２
I85: 放流
A86: SV | C86: SV・30 | G86: ％ | I86: １系
C87: SV・２４ｈ
A88: SV | C88: SV・30 | G88: ％ | I88: ２系
C89: SV・２４ｈ
A90: 反応槽 | C90: MLSS | G90: ㎎/ℓ | I90: 1系
I91: 2系
A92: 汚泥界面 | G92: ｃｍ | I92: １系終沈
I93: ２系終沈
A94: 残留塩素 | G94: ㎎/ℓ | I94: 放流水
A95: 塩素投入量 | G95: kg | I95: 塩素混和池
A96: 備 考
A105: 筒賀水質管理センター 維持管理週報 | M105: =M1
I107: =N55 | J107: =I107+1 | K107: =J107+1 | L107: =K107+1 | M107: =L107+1 | N107: =M107+3 | O107: 平均
A108: 全日電力量 | G108: Kｗｈ
A109: 力測電力量 | G109: Kｗｈ
A110: 無効電力量 | G110: Kvar
A111: デマンド | G111: Kw
A112: 水道使用量 | G112: ㎥
A113: 軽油（残量） | G113: ℓ
A114: 返送汚泥流量（№1） | G114: ㎥
A115: 返送汚泥流量（№2） | G115: ㎥
A116: 放流流量 | G116: ㎥
A117: 日 常 水 質 測 定 結 果
A118: 測 定 項 目 | I118: 測定場所 | J118: =I107 | K118: =J107 | L118: =K107 | M118: =L107 | N118: =M107 | O118: =O107
I119: 測定者 | J119: 山根 悠貴 | K119: 山根 悠貴 | L119: 山根 悠貴 | M119: 山根 悠貴
...

Sheet 運転管理月報
A1: 筒賀水質管理センター運転管理月報 | J1: 令和8年 3月分
A2: 日付 | B2: 曜日 | C2: 全日電力量読み値 | D2: 力測電力量読み値 | E2: 無効電力量読み値 | F2: 上水使用量読み値 | G2: 固形塩素 | H2: 脱水ケーキ | J2: No.1 | L2: No.2 | N2: 放流流量
G3: 使用量 | H3: 発生量 | I3: 搬出量 | J3: 返送汚泥 | L3: 返送汚泥
J4: 流 量 | L4: 流 量
C5: kwh | D5: kwh | E5: kvarh | F5: ㎥ | G5: kg | H5: ｔ | I5: ｔ | J5: ㎥ | L5: ㎥ | N5: ㎥
A6: 46082 | B6: =TEXT(A6,"aaa")
A7: =A6+1 | B7: =TEXT(A7,"aaa") | K7: =IF(OR(J7="",J6=""),"",J7-J6) | M7: =IF(OR(L7="",L6=""),"",L7-L6)
A8: =A7+1 | B8: =TEXT(A8,"aaa") | K8: =IF(OR(J8="",J7=""),"",J8-J7) | M8: =IF(OR(L8="",L7=""),"",L8-L7)
A9: =A8+1 | B9: =TEXT(A9,"aaa") | K9: =IF(OR(J9="",J8=""),"",J9-J8) | M9: =IF(OR(L9="",L8=""),"",L9-L8)
A10: =A9+1 | B10: =TEXT(A10,"aaa") | K10: =IF(OR(J10="",J9=""),"",J10-J9) | M10: =IF(OR(L10="",L9=""),"",L10-L9)
A11: =A10+1 | B11: =TEXT(A11,"aaa") | K11: =IF(OR(J11="",J10=""),"",J11-J10) | M11: =IF(OR(L11="",L10=""),"",L11-L10)
A12: =A11+1 | B12: =TEXT(A12,"aaa") | K12: =IF(OR(J12="",J11=""),"",J12-J11) | M12: =IF(OR(L12="",L11=""),"",L12-L11)
A13: =A12+1 | B13: =TEXT(A13,"aaa") | K13: =IF(OR(J13="",J12=""),"",J13-J12) | M13: =IF(OR(L13="",L12=""),"",L13-L12)
A14: =A13+1 | B14: =TEXT(A14,"aaa") | K14: =IF(OR(J14="",J13=""),"",J14-J13) | M14: =IF(OR(L14="",L13=""),"",L14-L13)
A15: =A14+1 | B15: =TEXT(A15,"aaa") | K15: =IF(OR(J15="",J14=""),"",J15-J14) | M15: =IF(OR(L15="",L14=""),"",L15-L14)
A16: =A15+1 | B16: =TEXT(A16,"aaa") | K16: =IF(OR(J16="",J15=""),"",J16-J15) | M16: =IF(OR(L16="",L15=""),"",L16-L15)
A17: =A16+1 | B17: =TEXT(A17,"aaa") | K17: =IF(OR(J17="",J16=""),"",J17-J16) | M17: =IF(OR(L17="",L16=""),"",L17-L16)
A18: =A17+1 | B18: =TEXT(A18,"aaa") | K18: =IF(OR(J18="",J17=""),"",J18-J17) | M18: =IF(OR(L18="",L17=""),"",L18-L17)
... A36: =A35+1 | B36: =TEXT(A36,"aaa") | K36: =IF(OR(J36="",J35=""),"",J36-J35) | M36: =IF(OR(L36="",L35=""),"",L36-L35)
A37: 46110 | B37: 日 | K37: =IF(OR(J37="",J36=""),"",J37-J36) | M37: =IF(OR(L37="",L36=""),"",L37-L36)
A38: 46111 | B38: 月 | K38: =IF(OR(J38="",J37=""),"",J38-J37) | M38: =IF(OR(L38="",L37=""),"",L38-L37)
A39: 46112 | B39: 火 | K39: =IF(OR(J39="",J38=""),"",J39-J38) | M39: =IF(OR(L39="",L38=""),"",L39-L38)
A40: 最大 | C40: － | D40: － | E40: － | F40: － | G40: =IFERROR(MAX(G6:G39),"") | H40: =IFERROR(MAX(H6:H39),"") | I40: =IFERROR(MAX(I6:I39),"") | J40: － | K40: =IFERROR(MAX(K6:K39),"") | L40: － | M40: =IFERROR(MAX(M6:M39),"") | N40: =IFERROR(MAX(N6:N39),"")
A41: 平均 | C41: － | D41: － | E41: － | F41: － | G41: =IFERROR(AVERAGE(G6:G39),"") | H41: =IFERROR(AVERAGE(H6:H39),"") | I41: =IFERROR(AVERAGE(I6:I39),"") | J41: － | K41: =IFERROR(AVERAGE(K6:K39),"") | L41: － | M41: =IFERROR(AVERAGE(M6:M39),"") | N41: =IFERROR(AVERAGE(N6:N39),"")
A42: 最小 | C42: － | D42: － | E42: － | F42: － | G42: =IFERROR(MIN(G6:G39),"") | H42: =IFERROR(MIN(H6:H39),"") | I42: =IFERROR(MIN(I6:I39),"") | J42: － | K42: =IFERROR(MIN(K6:K39),"") | L42: － | M42: =IFERROR(MIN(M6:M39),"") | N42: =IFERROR(MIN(N6:N39),"")
A43: 合計 | C43: － | D43: － | E43: － | F43: － | G43: =IFERROR(SUM(G6:G39),"") | H43: =IFERROR(SUM(H6:H39),"") | I43: =IFERROR(SUM(I6:I39),"") | J43: － | K43: =IFERROR(SUM(K6:K39),"") | L43: － | M43: =IFERROR(SUM(M6:M39),"") | N43: =IFERROR(SUM(N6:N39),"")
A44: 吉和水質管理センター運転管理月報 | J44: 平成18年８月分
A45: 日付 | B45: 曜日 | C45: 全日電力量読み値 | D45: 力測電力量読み値 | E45: 無効電力量読み値 | F45: 上水使用量読み値 | G45: 固形塩素 | H45: 脱水ケーキ | J45: No.1 | L45: No.2
G46: 使用量 | H46: 発生量 | I46: 搬出量 | J46: 返送汚泥 | L46: 返送汚泥
J47: 流 量 | L47: 流 量
C48: kwh | D48: kwh | E48: kvarh | F48: ㎥ | G48: kg | H48: ｔ | I48: ｔ | J48: ㎥ | L48: ㎥
A49: 1 | B49: 火 | C49: 694 | D49: 438.82 | E49: 2 | F49: 1016 | J49: 590074 | K49: =J49-#REF! | L49: 217242 | M49: =L49-#REF!
A50: 2 | B50: 水 | C50: 694 | D50: 438.82 | E50: 2 | F50: 1017 | H50: 1.87 | J50: 590310 | K50: =J50-J49 | L50: 217444 | M50: =L50-L49
A51: 3 | B51: 木 | C51: 694 | D51: 438.82 | E51: 2 | F51: 1017 | I51: 1.87 | J51: 590556 | K51: =J51-J50 | L51: 217673 | M51: =L51-L50
A52: 4 | B52: 金 | C52: 694 | D52: 442.75 | E52: 2.02 | F52: 1017 | J52: 590720 | K52: =J52-J51 | L52: 217820 | M52: =L52-L51
A53: 5 | B53: 土
A54: 6 | B54: 日
A55: 7 | B55: 月 | C55: 694 | D55: 445.51 | E55: 2.02 | F55: 1017 | G55: 35 | J55: 591393 | K55: =(J55-J52)/3 | L55: 218387 | M55: =(L55-L52)/3
A56: 8 | B56: 火 | C56: 694 | D56: 438.82 | E56: 2 | F56: 1017 | J56: 591530 | K56: =J56-J55 | L56: 218540 | M56: =L56-L55
A57: 9 | B57: 水 | C57: 694 | D57: 438.82 | E57: 2 | F57: 1017 | H57: 2.04 | J57: 591809 | K57: =J57-J56 | L57: 218791 | M57: =L57-L56
A58: 10 | B58: 木 | C58: 709.54 | D58: 449.01 | E58: 2.03 | F58: 1018 | I58: 2.04 | J58: 592044 | K58: =J58-J57 | L58: 219006 | M58: =L58-L57
A59: 11 | B59: 金 | C59: 694 | D59: 438.82 | E59: 2 | F59: 1018 | J59: 592273 | K59: =J59-J58 | L59: 219209 | M59: =L59-L58
A60: 12 | B60: 土
A61: 13 | B61: 日
A62: 14 | B62: 月 | C62: 694 | D62: 438.82 | E62: 2 | F62: 1018 | G62: 36 | J62: 592975 | K62: =(J62-J59)/3 | L62: 219801 | M62: =(L62-L59)/3
A63: 15 | B63: 火
A64: 16 | B64: 水
A65: 17 | B65: 木 | C65: 694 | D65: 438.82 | E65: 2 | F65: 1018 | H65: 1.56 | J65: 593730 | K65: =(J65-J62)/3 | L65: 220603 | M65: =(L65-L62)/3
A66: 18 | B66: 金 | C66: 694 | D66: 438.82 | E66: 2 | F66: 1018 | I66: 1.56 | J66: 593964 | K66: =J66-J65 | L66: 220821 | M66: =L66-L65
A67: 19 | B67: 土
A68: 20 | B68: 日
A69: 21 | B69: 月 | C69: 694 | D69: 438.82 | E69: 2 | F69: 1018 | G69: 42 | J69: 594665 | K69: 234 | L69: 221437 | M69: 205
A70: 22 | B70: 火 | C70: 694 | D70: 438.82 | E70: 2 | F70: 1019 | J70: 594878 | K70: =J70-J69 | L70: 221665 | M70: =L70-L69
A71: 23 | B71: 水 | C71: 694 | D71: 438.82 | E71: 2 | F71: 1019 | J71: 595119 | K71: =J71-J70 | L71: 221902 | M71: =L71-L70
A72: 24 | B72: 木 | C72: 694 | D72: 438.82 | E72: 2 | F72: 1019 | J72: 595371 | K72: =J72-J71 | L72: 222140 | M72: =L72-L71
A73: 25 | B73: 金 | C73: 694 | D73: 438.82 | E73: 2 | F73: 1019 | J73: 595625 | K73: =J73-J72 | L73: 222381 | M73: =L73-L72
A74: 26 | B74: 土
A75: 27 | B75: 日
A76: 28 | B76: 月 | C76: 694 | D76: 438.82 | E76: 2 | F76: 1019 | G76: 36 | J76: 596333 | K76: =(J76-J73)/3 | L76: 223073 | M76: =(L76-L73)/3
A77: 29 | B77: 火 | C77: 694 | D77: 438.82 | E77: 2.06 | F77: 1019 | J77: 596579 | K77: =J77-J76 | L77: 223319 | M77: =L77-L76
A78: 30 | B78: 水 | C78: 694 | D78: 438.82 | E78: 2 | F78: 1019 | J78: 596845 | K78: =J78-J77 | L78: 223588 | M78: =L78-L77
A79: 31 | B79: 木 | C79: 694 | D79: 438.82 | E79: 2 | F79: 1019 | J79: 597096 | K79: =J79-J78 | L79: 223841 | M79: =L79-L78
A80: 最大 | C80: － | D80: － | E80: － | F80: － | G80: =MAX(G55,G62,G69:G70,G76) | H80: =MAX(H49:H79) | I80: =MAX(I49:I79) | J80: － | K80: =MAX(K52:K55,K58:K62,K66:K69,K72:K76,K79) | L80: － | M80: =MAX(M52:M55,M58:M62,M66:M69,M72:M76,M79)
A81: 平均 | C81: － | D81: － | E81: － | F81: － | G81: =AVERAGE(G55,G62,G69,G76) | H81: =AVERAGE(H50,H57,H65) | I81: =AVERAGE(I49:I79) | J81: － | K81: =AVERAGE(K52:K55,K58:K62,K66:K69,K72:K76,K79) | L81: － | M81: =AVERAGE(M52:M55,M58:M62,M66:M69,M72:M76,M79)
A82: 最小 | C82: － | D82: － | E82: － | F82: － | G82: =MIN(G55,G62,G69,G76) | H82: =MIN(H50,H57,H65) | I82: =MIN(I49:I79) | J82: － | K82: =MIN(K52:K55,K58:K62,K66:K69,K72:K76,K79) | L82: － | M82: =MIN(M52:M55,M58:M62,M66:M69,M72:M76,M79)
A83: 合計 | C83: － | D83: － | E83: － | F83: － | G83: =SUM(G55,G62,G69:G70,G76) | H83: =SUM(H50,H57,H65) | I83: =SUM(I49:I79) | J83: － | K83: =SUM(K52:K55,K58:K62,K66:K69,K72:K76,K79) | L83: － | M83: =SUM(M52:M55,M58:M62,M66:M69,M72:M76,M79)
A84: 吉和水質管理センター運転管理月報 | J84: 平成18年９月分
A85: 日付 | B85: 曜日 | C85: 全日電力量読み値 | D85: 力測電力量読み値 | E85: 無効電力量読み値 | F85: 上水使用量読み値 | G85: 固形塩素 | H85: 脱水ケーキ | J85: No.1 | L85: No.2
G86: 使用量 | H86: 発生量 | I86: 搬出量 | J86: 返送汚泥 | L86: 返送汚泥
J87: 流 量 | L87: 流 量
C88: kwh | D88: kwh | E88: kvarh | F88: ㎥ | G88: kg | H88: ｔ | I88: ｔ | J88: ㎥ | L88: ㎥
A89: 1 | B89: 金 | C89: 744.66 | D89: 471.8 | E89: 2.06 | F89: 1019 | J89: 597346 | K89: =J89-J79 | L89: 224100 | M89: =L89-L79
A90: 2 | B90: 土
A91: 3 | B91: 日
A92: 4 | B92: 月 | C92: 749.88 | D92: 471.88 | E92: 2.06 | F92: 1020 | G92: 30 | J92: 598126 | K92: =(J92-J89)/3 | L92: 224880 | M92: =(L92-L89)/3
A93: 5 | B93: 火 | C93: 744.66 | D93: 471.88 | E93: 2.06 | F93: 1020 | J93: 598370 | K93: =J93-J92 | L93: 225127 | M93: =L93-L92
A94: 6 | B94: 水 | C94: 744.66 | D94: 471.88 | E94: 2.06 | F94: 1020 | J94: 598631 | K94: =J94-J93 | L94: 225401 | M94: =L94-L93
A95: 7 | B95: 木 | C95: 744.66 | D95: 471.88 | E95: 2.06 | F95: 1020 | J95: 598883 | K95: =J95-J94 | L95: 225647 | M95: =L95-L94
A96: 8 | B96: 金 | C96: 744.66 | D96: 471.88 | E96: 2.06 | F96: 1020 | J96: 599129 | K96: =J96-J95 | L96: 225886 | M96: =L96-L95
A97: 9 | B97: 土
A98: 10 | B98: 日
A99: 11 | B99: 月 | C99: 744.66 | D99: 471.88 | E99: 2.06 | F99: 1021 | G99: 26 | J99: 599857 | K99: =(J99-J96)/3 | L99: 226650 | M99: =(L99-L96)/3
A100: 12 | B100: 火 | C100: 744.66 | D100: 471.88 | E100: 2.06 | F100: 1021 | J100: 600107 | K100: =J100-J99 | L100: 226883 | M100: =L100-L99
A101: 13 | B101: 水 | C101: 744.66 | D101: 471.88 | E101: 2.06 | F101: 1021 | H101: 1.61 | J101: 600352 | K101: =J101-J100 | L101: 227127 | M101: =L101-L100
A102: 14 | B102: 木 | C102: 744.66 | D102: 471.88 | E102: 2.06 | F102: 1021 | I102: 1.61 | J102: 600617 | K102: =J102-J101 | L102: 227383 | M102: =L102-L101
A103: 15 | B103: 金 | C103: 744.66 | D103: 471.88 | E103: 2.06 | F103: 1021 | J103: 600854 | K103: =J103-J102 | L103: 227647 | M103: =L103-L102
A104: 16 | B104: 土
A105: 17 | B105: 日
A106: 18 | B106: 月
A107: 19 | B107: 火 | C107: 744.66 | D107: 471.88 | E107: 2.06 | F107: 1021 | G107: 15 | J107: 601981 | K107: =(J107-J103)/4 | L107: 228494 | M107: =(L107-L103)/4
A108: 20 | B108: 水 | C108: 775.41 | D108: 491.95 | E108: 2.13 | F108: 1021 | H108: 1.46 | J108: 602181 | K108: =J108-J107 | L108: 228718 | M108: =L108-L107
A109: 21 | B109: 木 | C109: 744.66 | D109: 471.88 | E109: 2.06 | F109: 1022 | I109: 1.46 | J109: 602454 | K109: =J109-J108 | L109: 228968 | M109: =L109-L108
A110: 22 | B110: 金 | C110: 744.66 | D110: 471.88 | E110: 2.06 | F110: 1022 | J110: 602712 | K110: =J110-J109 | L110: 229228 | M110: =L110-L109
A111: 23 | B111: 土
A112: 24 | B112: 日
A113: 25 | B113: 月 | C113: 744.66 | D113: 471.88 | E113: 2.06 | F113: 1022 | G113: 14 | J113: 603505 | K113: =(J113-J110)/3 | L113: 230019 | M113: =(L113-L110)/3
A114: 26 | B114: 火 | C114: 744.66 | D114: 471.88 | E114: 2.06 | F114: 1022 | J114: 603754 | K114: =J114-J113 | L114: 230270 | M114: =L114-L113
A115: 27 | B115: 水 | C115: 744.66 | D115: 471.88 | E115: 2.06 | F115: 1022 | H115: 1.33 | J115: 604011 | K115: =J115-J114 | L115: 230530 | M115: =L115-L114
A116: 28 | B116: 木 | C116: 787.33 | D116: 499.89 | E116: 2.06 | F116: 1022 | I116: 1.33 | J116: 604277 | K116: =J116-J115 | L116: 230804 | M116: =L116-L115
A117: 29 | B117: 金 | C117: 744.66 | D117: 471.88 | E117: 2.06 | F117: 1022 | J117: 604519 | K117: =J117-J116 | L117: 231030 | M117: =L117-L116
...

Sheet 水質管理報告
A1: 筒賀水質管理センター水質管理月報（１/２） | P1: =運転管理月報!J1
A3: 日付 | B3: 曜日 | C3: 水温 | I3: 外観 | O3: 透視度
C4: （５回/週） | I4: （５回/週） | O4: （５回/週）
C5: ℃ | I5: ― | O5: cm
C6: 流入 | D6: No．１ | E6: No．２ | F6: No．１ | G6: No．２ | H6: 放流水 | I6: 流入 | J6: No．１ | K6: No．２ | L6: No．１ | M6: No．２ | N6: 放流水 | O6: 流入 | P6: No.1 終沈 | Q6: No.2 終沈 | R6: 放流
D7: ディッチ | E7: ディッチ | F7: 終沈 | G7: 終沈 | J7: ディッチ | K7: ディッチ | L7: 終沈 | M7: 終沈
A8: =運転管理月報!A6 | B8: =TEXT(A8,"aaa")
A9: =A8+1 | B9: =TEXT(A9,"aaa") | I9: 黄灰色 | J9: 茶色 | K9: 茶色 | L9: 透明 | M9: 透明 | N9: 透明
A10: =A9+1 | B10: =TEXT(A10,"aaa") | I10: 黄灰色 | J10: 茶色 | K10: 茶色 | L10: 透明 | M10: 透明 | N10: 透明
A11: =A10+1 | B11: =TEXT(A11,"aaa") | I11: 黄灰色 | J11: 茶色 | K11: 茶色 | L11: 透明 | M11: 透明 | N11: 透明
A12: =A11+1 | B12: =TEXT(A12,"aaa") | I12: 黄灰色 | J12: 茶色 | K12: 茶色 | L12: 透明 | M12: 透明 | N12: 透明
A13: =A12+1 | B13: =TEXT(A13,"aaa") | I13: 黄灰色 | J13: 茶色 | K13: 茶色 | L13: 透明 | M13: 透明 | N13: 透明
A14: =A13+1 | B14: =TEXT(A14,"aaa")
A15: =A14+1 | B15: =TEXT(A15,"aaa")
A16: =A15+1 | B16: =TEXT(A16,"aaa") | I16: 黄灰色 | J16: 茶色 | K16: 茶色 | L16: 透明 | M16: 透明 | N16: 透明
A17: =A16+1 | B17: =TEXT(A17,"aaa") | I17: 黄灰色 | J17: 茶色 | K17: 茶色 | L17: 透明 | M17: 透明 | N17: 透明
A18: =A17+1 | B18: =TEXT(A18,"aaa") | I18: 黄灰色 | J18: 茶色 | K18: 茶色 | L18: 透明 | M18: 透明 | N18: 透明
A19: =A18+1 | B19: =TEXT(A19,"aaa") | I19: 黄灰色 | J19: 茶色 | K19: 茶色 | L19: 透明 | M19: 透明 | N19: 透明
A20: =A19+1 | B20: =TEXT(A20,"aaa") | I20: 黄灰色 | J20: 茶色 | K20: 茶色 | L20: 透明 | M20: 透明 | N20: 透明
A21: =A20+1 | B21: =TEXT(A21,"aaa")
A22: =A21+1 | B22: =TEXT(A22,"aaa")
A23: =A22+1 | B23: =TEXT(A23,"aaa") | I23: 黄灰色 | J23: 茶色 | K23: 茶色 | L23: 透明 | M23: 透明 | N23: 透明
A24: =A23+1 | B24: =TEXT(A24,"aaa") | I24: 黄灰色 | J24: 茶色 | K24: 茶色 | L24: 透明 | M24: 透明 | N24: 透明
A25: =A24+1 | B25: =TEXT(A25,"aaa") | I25: 黄灰色 | J25: 茶色 | K25: 茶色 | L25: 透明 | M25: 透明 | N25: 透明
A26: =A25+1 | B26: =TEXT(A26,"aaa") | I26: 黄灰色 | J26: 茶色 | K26: 茶色 | L26: 透明 | M26: 透明 | N26: 透明
A27: =A26+1 | B27: =TEXT(A27,"aaa") | I27: 黄灰色 | J27: 茶色 | K27: 茶色 | L27: 透明 | M27: 透明 | N27: 透明
A28: =A27+1 | B28: =TEXT(A28,"aaa")
A29: =A28+1 | B29: =TEXT(A29,"aaa")
A30: =A29+1 | B30: =TEXT(A30,"aaa") | I30: 黄灰色 | J30: 茶色 | K30: 茶色 | L30: 透明 | M30: 透明 | N30: 透明
A31: =A30+1 | B31: =TEXT(A31,"aaa") | I31: 黄灰色 | J31: 茶色 | K31: 茶色 | L31: 透明 | M31: 透明 | N31: 透明
A32: =A31+1 | B32: =TEXT(A32,"aaa") | I32: 黄灰色 | J32: 茶色 | K32: 茶色 | L32: 透明 | M32: 透明 | N32: 透明
A33: =A32+1 | B33: =TEXT(A33,"aaa") | I33: 黄灰色 | J33: 茶色 | K33: 茶色 | L33: 透明 | M33: 透明 | N33: 透明
A34: =A33+1 | B34: =TEXT(A34,"aaa") | I34: 黄灰色 | J34: 茶色 | K34: 茶色 | L34: 透明 | M34: 透明 | N34: 透明
A35: =A34+1 | B35: =TEXT(A35,"aaa")
A36: =A35+1 | B36: =TEXT(A36,"aaa")
A37: =A36+1 | B37: =TEXT(A37,"aaa") | I37: 黄灰色 | J37: 茶色 | K37: 茶色 | L37: 透明 | M37: 透明 | N37: 透明
A38: =A37+1 | B38: =TEXT(A38,"aaa") | I38: 黄灰色 | J38: 茶色 | K38: 茶色 | L38: 透明 | M38: 透明 | N38: 透明
A39: 最大 | C39: =IFERROR(MAX(C8:C38),"") | D39: =IFERROR(MAX(D8:D38),"") | E39: =IFERROR(MAX(E8:E38),"") | F39: =IFERROR(MAX(F8:F38),"") | G39: =IFERROR(MAX(G8:G38),"") | H39: =IFERROR(MAX(H8:H38),"") | I39: ― | J39: ― | K39: ― | L39: ― | M39: ― | N39: ― | O39: =IFERROR(MAX(O8:O38),"") | P39: =IFERROR(MAX(P8:P38),"") | Q39: =IFERROR(MAX(Q8:Q38),"") | R39: =IFERROR(MAX(R8:R38),"")
A40: 平均 | C40: =IFERROR(AVERAGE(C8:C38),"") | D40: =IFERROR(AVERAGE(D8:D38),"") | E40: =IFERROR(AVERAGE(E8:E38),"") | F40: =IFERROR(AVERAGE(F8:F38),"") | G40: =IFERROR(AVERAGE(G8:G38),"") | H40: =IFERROR(AVERAGE(H8:H38),"") | I40: ― | J40: ― | K40: ― | L40: ― | M40: ― | N40: ― | O40: =IFERROR(AVERAGE(O8:O38),"") | P40: =IFERROR(AVERAGE(P8:P38),"") | Q40: =IFERROR(AVERAGE(Q8:Q38),"") | R40: =IFERROR(AVERAGE(R8:R38),"")
A41: 最小 | C41: =IFERROR(MIN(C8:C38),"") | D41: =IFERROR(MIN(D8:D38),"") | E41: =IFERROR(MIN(E8:E38),"") | F41: =IFERROR(MIN(F8:F38),"") | G41: =IFERROR(MIN(G8:G38),"") | H41: =IFERROR(MIN(H8:H38),"") | I41: ― | J41: ― | K41: ― | L41: ― | M41: ― | N41: ― | O41: =IFERROR(MIN(O8:O38),"") | P41: =IFERROR(MIN(P8:P38),"") | Q41: =IFERROR(MIN(Q8:Q38),"") | R41: =IFERROR(MIN(R8:R38),"")
A42: 筒賀水質管理センター水質管理月報（２/２） | P42: =P1
A44: 日付 | B44: 曜日 | C44: 臭気 | I44: DO | K44: PH | Q44: 残留塩素 | R44: SV30
C45: （５回/週） | I45: （５回/週） | K45: （５回/週） | Q45: （５回/週）
C46: ― | I46: ㎎/ℓ | K46: ― | Q46: ㎎/ℓ | R46: ％
C47: 流入 | D47: No．１ | E47: No．２ | F47: No．１ | G47: No．２ | H47: 放流水 | I47: No．１ | J47: No．２ | K47: 流入 | L47: No．１ | M47: No．２ | N47: No．１ | O47: No．２ | P47: 放流水 | Q47: 放流水 | R47: No．１ | S47: No．２
D48: ディッチ | E48: ディッチ | F48: 終沈 | G48: 終沈 | I48: ディッチ | J48: ディッチ | L48: ディッチ | M48: ディッチ | N48: 終沈 | O48: 終沈 | R48: ディッチ | S48: ディッチ
A49: =A8 | B49: =B8
A50: =A9 | B50: =B9 | C50: 下水臭 | D50: 活性汚泥臭 | E50: 活性汚泥臭 | F50: 無 | G50: 無 | H50: 無
A51: =A10 | B51: =B10 | C51: 下水臭 | D51: 活性汚泥臭 | E51: 活性汚泥臭 | F51: 無 | G51: 無 | H51: 無
A52: =A11 | B52: =B11 | C52: 下水臭 | D52: 活性汚泥臭 | E52: 活性汚泥臭 | F52: 無 | G52: 無 | H52: 無
A53: =A12 | B53: =B12 | C53: 下水臭 | D53: 活性汚泥臭 | E53: 活性汚泥臭 | F53: 無 | G53: 無 | H53: 無
A54: =A13 | B54: =B13 | C54: 下水臭 | D54: 活性汚泥臭 | E54: 活性汚泥臭 | F54: 無 | G54: 無 | H54: 無
A55: =A14 | B55: =B14
A56: =A15 | B56: =B15
A57: =A16 | B57: =B16 | C57: 下水臭 | D57: 活性汚泥臭 | E57: 活性汚泥臭 | F57: 無 | G57: 無 | H57: 無
A58: =A17 | B58: =B17 | C58: 下水臭 | D58: 活性汚泥臭 | E58: 活性汚泥臭 | F58: 無 | G58: 無 | H58: 無
A59: =A18 | B59: =B18 | C59: 下水臭 | D59: 活性汚泥臭 | E59: 活性汚泥臭 | F59: 無 | G59: 無 | H59: 無
A60: =A19 | B60: =B19 | C60: 下水臭 | D60: 活性汚泥臭 | E60: 活性汚泥臭 | F60: 無 | G60: 無 | H60: 無
A61: =A20 | B61: =B20 | C61: 下水臭 | D61: 活性汚泥臭 | E61: 活性汚泥臭 | F61: 無 | G61: 無 | H61: 無
A62: =A21 | B62: =B21
A63: =A22 | B63: =B22
A64: =A23 | B64: =B23 | C64: 下水臭 | D64: 活性汚泥臭 | E64: 活性汚泥臭 | F64: 無 | G64: 無 | H64: 無
A65: =A24 | B65: =B24 | C65: 下水臭 | D65: 活性汚泥臭 | E65: 活性汚泥臭 | F65: 無 | G65: 無 | H65: 無
A66: =A25 | B66: =B25 | C66: 下水臭 | D66: 活性汚泥臭 | E66: 活性汚泥臭 | F66: 無 | G66: 無 | H66: 無
A67: =A26 | B67: =B26 | C67: 下水臭 | D67: 活性汚泥臭 | E67: 活性汚泥臭 | F67: 無 | G67: 無 | H67: 無
A68: =A27 | B68: =B27 | C68: 下水臭 | D68: 活性汚泥臭 | E68: 活性汚泥臭 | F68: 無 | G68: 無 | H68: 無
A69: =A28 | B69: =B28
A70: =A29 | B70: =B29
A71: =A30 | B71: =B30 | C71: 下水臭 | D71: 活性汚泥臭 | E71: 活性汚泥臭 | F71: 無 | G71: 無 | H71: 無
A72: =A31 | B72: =B31 | C72: 下水臭 | D72: 活性汚泥臭 | E72: 活性汚泥臭 | F72: 無 | G72: 無 | H72: 無
A73: =A32 | B73: =B32 | C73: 下水臭 | D73: 活性汚泥臭 | E73: 活性汚泥臭 | F73: 無 | G73: 無 | H73: 無
A74: =A33 | B74: =B33 | C74: 下水臭 | D74: 活性汚泥臭 | E74: 活性汚泥臭 | F74: 無 | G74: 無 | H74: 無
A75: =A34 | B75: =B34 | C75: 下水臭 | D75: 活性汚泥臭 | E75: 活性汚泥臭 | F75: 無 | G75: 無 | H75: 無
A76: =A35 | B76: =B35
A77: =A36 | B77: =B36
A78: =A37 | B78: =B37 | C78: 下水臭 | D78: 活性汚泥臭 | E78: 活性汚泥臭 | F78: 無 | G78: 無 | H78: 無
A79: =A38 | B79: =B38 | C79: 下水臭 | D79: 活性汚泥臭 | E79: 活性汚泥臭 | F79: 無 | G79: 無 | H79: 無
A80: 最大 | C80: ― | D80: ― | E80: ― | F80: ― | G80: ― | H80: ― | I80: =IFERROR(MAX(I49:I79),"") | J80: =IFERROR(MAX(J49:J79),"") | K80: =IFERROR(MAX(K49:K79),"") | L80: =IFERROR(MAX(L49:L79),"") | M80: =IFERROR(MAX(M49:M79),"") | N80: =IFERROR(MAX(N49:N79),"") | O80: =IFERROR(MAX(O49:O79),"") | P80: =IFERROR(MAX(P49:P79),"") | ... S80: =IFERROR(MAX(S49:S79),"")
A81: 平均 | C81: ― | D81: ― | E81: ― | F81: ― | G81: ― | H81: ― | I81: =IFERROR(AVERAGE(I49:I79),"") | J81: =IFERROR(AVERAGE(J49:J79),"") | K81: =IFERROR(AVERAGE(K49:K79),"") | L81: =IFERROR(AVERAGE(L49:L79),"") | M81: =IFERROR(AVERAGE(M49:M79),"") | N81: =IFERROR(AVERAGE(N49:N79),"") | O81: =IFERROR(AVERAGE(O49:O79),"") | P81: =IFERROR(AVERAGE(P49:P79),"") | ... S81: =IFERROR(AVERAGE(S49:S79),"")
A82: 最小 | C82: ― | D82: ― | E82: ― | F82: ― | G82: ― | H82: ― | I82: =IFERROR(MIN(I49:I79),"") | J82: =IFERROR(MIN(J49:J79),"") | K82: =IFERROR(MIN(K49:K79),"") | L82: =IFERROR(MIN(L49:L79),"") | M82: =IFERROR(MIN(M49:M79),"") | N82: =IFERROR(MIN(N49:N79),"") | O82: =IFERROR(MIN(O49:O79),"") | P82: =IFERROR(MIN(P49:P79),"") | ... S82: =IFERROR(MIN(S49:S79),"")

Sheet 日常機械設備
A1: 機械設備日常点検表（１/３） | H1: =運転管理月報!J1
A2: 機 器 名 | B2: No | C2: 点 検 者 | E2: 山根 悠貴 | F2: 山根 悠貴 | G2: 山根 悠貴 | H2: 山根 悠貴 | I2: 山根 悠貴
C3: 点検内容 | E3: =日常水質!I3 | F3: =日常水質!J3 | G3: =日常水質!K3 | H3: =日常水質!L3 | I3: =日常水質!M3
A4: ポンプ井 | B4: ― | C4: 内部状況確認
A5: 汚水ポンプ | B5: 1 | C5: 電流値 | D5: Ａ
C6: 吐出圧力 | D6: Mpa
C7: 異音、振動
B8: 2 | C8: 電流値 | D8: Ａ
C9: 吐出圧力 | D9: Mpa
C10: =C7
B11: ― | C11: モード確認
C12: 機種選択
A13: 自動除塵機 | C13: 油圧圧力 | D13: Mpa
C14: 異音、振動
C15: し渣量の確認
C16: 運転動作
A17: エアレーション装置 | B17: №1 | C17: 電流値 | D17: Ａ
C18: =C14
C19: モード確認
B20: №2 | C20: 電流値 | D20: Ａ
C21: =C18
C22: モード確認
B23: №3 | C23: 電流値 | D23: Ａ
C24: =C21
C25: モード確認
B26: №4 | C26: 電流値 | D26: Ａ
C27: =C24
C28: モード確認
A29: 消泡装置 | B29: ― | C29: 消泡ノズル
C30: 消泡状態
A31: 流出可動堰 | B31: 1 | C31: 開度 | D31: ㎜
B32: 2 | C32: 開度 | D32: ㎜
A33: 流出ゲート | B33: 1 | C33: 開度 | D33: ㎜
B34: 2 | C34: 開度 | D34: ㎜
A35: 連絡ゲート | B35: － | C35: 開度 | D35: ㎜
A36: 終沈汚泥掻寄機 | B36: 1 | C36: 電流値 | D36: Ａ
C37: 異音、振動等
B38: 2 | C38: 電流値 | D38: Ａ
C39: =C37
A40: スカムスキマー | B40: 1 | C40: 動作状況
C41: スカムの状況
B42: 2 | C42: 動作状況
C43: スカムの状況
A44: 返送汚泥ポンプ | B44: №1 | C44: 電流値 | D44: Ａ
C45: 吐出圧力 | D45: Mpa
C46: 異音、振動
B47: №2 | C47: 電流値 | D47: Ａ
C48: =C45 | D48: Mpa
C49: 異音、振動
B50: ― | C50: モード確認
C51: 常用機選択
B52: №3 | C52: 電流値 | D52: Ａ
C53: =C48 | D53: Mpa
C54: 異音、振動
B55: №4 | C55: 電流値 | D55: Ａ
C56: =C53 | D56: Mpa
C57: 異音、振動
B58: ― | C58: モード確認
C59: 常用機選択
A60: ○：良 △：要注意 ×：要修理
A61: 機械設備日常点検表（２/３） | H61: =H1
A62: 機 器 名 | B62: No | C62: 点 検 者 | E62: =E2 | F62: =F2 | G62: =G2 | H62: =H2 | I62: =I2
C63: 点検内容 | E63: =E3 | F63: =F3 | G63: =G3 | H63: =H3 | I63: =I3
A64: 余剰汚泥ポンプ | B64: 1 | C64: 電流値 | D64: Ａ
C65: =C53 | D65: Mpa
C66: 異音、振動
C67: 液漏れ
C68: モード確認
B69: 2 | C69: 電流値 | D69: Ａ
C70: =C65 | D70: Mpa
C71: 異音、振動
C72: 液漏れ
C73: モード確認
A74: 終沈床排水ポンプ | B74: ― | C74: 電流値 | D74: Ａ
C75: 吐出圧力 | D75: Mpa
C76: =C71
C77: =C73
A78: 返流水ポンプ | B78: №1 | C78: 吐出圧力 | D78: Mpa
C79: 異音、振動
B80: №2 | C80: =C78 | D80: Mpa
C81: 異音、振動
B82: ― | C82: モード確認
C83: 機種選択
A84: 濃縮汚泥引抜 ポンプ | B84: 1 | C84: 電流値 | D84: Ａ
C85: 吐出圧力 | D85: Mpa
C86: 異音、振動
B87: 2 | C87: 電流値 | D87: Ａ
C88: 吐出圧力 | D88: Mpa
C89: =C86
B90: ― | C90: モード確認
C91: 機種選択
A92: 濃縮汚泥引抜弁 | B92: ― | C92: 電流値 | D92: Ａ
C93: 異音、振動
C94: 動作状況
C95: モード確認
A96: 汚泥ポンプ室 床排水ポンプ | B96: ― | C96: 電流値 | D96: Ａ
C97: 吐出圧力 | D97: Mpa
C98: =C89
C99: モード確認
A100: 濃縮汚泥掻寄機 | C100: 電流値 | D100: Ａ
...

Sheet 日常電気設備
A1: 電気設備日常点検（１/３） | K1: =運転管理月報!J1
G2: =日常水質!I3 | H2: =日常水質!J3 | I2: =日常水質!K3 | J2: =日常水質!L3 | K2: =日常水質!M3
A3: 電 気 室 | B3: 引込・受電 | C3: 電圧 | F3: KV
F4: モード
C5: 力率 | F5: ψ
C6: 電流 | F6: A
F7: モード
C8: 普通電力量（×１０ｋw） | F8: 読み
F9: 使用量
C10: 引込・受電設定 | F10: 手動/自動
F11: 切/入
B12: 変圧器 | C12: 主変圧器温度 | F12: ℃
C13: 異音、脱臭の有無 | F13: 有・無
B14: 低 圧 分 岐 | C14: 動力（２１０V） 電圧 | F14: V
F15: モード
C16: 動力（２１０V） 電流 | F16: A
F17: モード
C18: 照明(210-105V) 電流 | F18: A
F19: モード
C20: 低圧分岐設備 | F20: 買電/自家発
C21: 沈砂池ポンプ設備 | F21: 読み
C22: （×１ｋｗｈ） | F22: 使用量
C23: 水処理設備（１） | F23: 読み
C24: （×１ｋｗｈ） | F24: 使用量
C25: 水処理設備（２） | F25: 読み
C26: （×１ｋｗｈ） | F26: 使用量
C27: 汚泥処理設備電力量 | F27: 読み
C28: （×１ｋｗｈ） | F28: 使用量
C29: No.１ コンデンサー(電磁接触器) | F29: 切/入
C30: No.２ コンデンサー(電磁接触器) | F30: 切/入
C31: No.３ コンデンサー(電磁接触器) | F31: 切/入
A32: 備 考
A37: 電気設備日常点検（２/３） | K37: =K1
B38: 機器名 | D38: 点 検 者 氏 名
D39: 点 検 内 容
A40: 計 装 設 備 | B40: Nｏ．１オキシデーションディッチＤＯ計 | D40: 外観の確認
D41: 指示状況の確認
D42: ＤＯ値 | F42: ㎎/ℓ
B43: Nｏ．２オキシデーションディッチＤＯ計 | D43: 外観の確認
D44: 指示状況の確認
D45: ＤＯ値 | F45: ㎎/ℓ
B46: Nｏ．１返送汚泥流量計 | D46: 外観の確認
D47: 指示状況の確認
D48: 流量計の読み | F48: ㎥/ｈ
D49: 流量計積算計読み | F49: ㎥
B50: Nｏ．２返送汚泥流量計 | D50: 外観の確認
D51: 指示状況の確認
D52: 流量計の読み | F52: ㎥/ｈ
D53: 流量計積算計読み | F53: ㎥
B54: 余剰汚泥流量計 | D54: 外観の確認
D55: 指示状況の確認
D56: No.１余剰汚泥ポンプ流量計読み | F56: ㎥/ｈ
D57: No.２余剰汚泥ポンプ流量計読み | F57: ㎥/ｈ
B58: 放流流量計 | D58: 外観の確認
D59: 指示状況の確認
D60: 流量計の読み | F60: ㎥/ｈ
D61: 流量計積算の読み | F61: ㎥
B62: 汚濁負荷量計 | D62: 外観の確認
D63: 指示状況の確認
B64: （放流水ＵＶ） | D64: ＵＶ値 | F64: Abs
D65: ＣＯＤ値 | F65: ㎎/ℓ
A66: 備 考
A69: 電気設備日常点検（3/３）
B70: 機器名 | D70: 点 検 者 氏 名
D71: 点 検 内 容
A72: 計装設備 | B72: 全窒素・全燐計 | D72: 外観の確認
D73: 指示状況の確認
D74: 計器読み（全窒素） | F74: ㎎/ℓ
D75: 計器読み（全りん） | F75: ㎎/ℓ
B76: 圧力式液位計 | D76: 外観の確認
D77: 指示状況の確認
D78: 機器指示地の記録 | F78: ｍ
A79: 発電機設備 | B79: 発電機盤 | D79: 外観の確認
B80: エンジン | D80: 外観の確認
B81: 燃料タンク | D81: 外観の確認
D82: 残量の値 | F82: ℓ
A83: 他 | B83: 通報装置 | D83: 通報状態の確認
B84: ○：良 △：要注意 ×要修理
A85: 備 考
A104: 電気設備日常点検（１/３） | K104: =K1
A106: 電 気 室 | B106: 引込・受電 | C106: 電圧 | F106: KV
F107: モード
C108: 力率 | F108: ψ
C109: 電流 | F109: A
F110: モード
C111: 普通電力量（×１０ｋw） | F111: 読み
F112: 使用量
C113: 引込・受電設定 | F113: 手動/自動
F114: 切/入
B115: 変圧器 | C115: 主変圧器温度 | F115: ℃
C116: 異音、脱臭の有無 | F116: 有・無
B117: 低 圧 分 岐 | C117: 動力（２１０V） 電圧 | F117: V
F118: モード
C119: 動力（２１０V） 電流 | F119: A
F120: モード
C121: 照明(210-105V) 電流 | F121: A
F122: モード
C123: 低圧分岐設備 | F123: 買電/自家発
C124: 沈砂池ポンプ設備 | F124: 読み
C125: （×１ｋｗｈ） | F125: 使用量
...

Sheet 主要機器運転時間
A1: 筒 賀 水 質 管 理 セ ン ター
A3: 主 要 機 器 運 転 時 間
A5: 46083 | D5: ～ | F5: =A5+4
A7: 機 器 名 称 | D7: 月 | E7: 火 | F7: 水 | G7: 木 | H7: 金
A8: NO.1主ポンプ | C8: hr
A9: NO.2主ポンプ | C9: hr
A10: NO.1エアレーション装置 | C10: hr
A11: NO.2エアレーション装置 | C11: hr
A12: NO.3エアレーション装置 | C12: hr
A13: NO.4エアレーション装置 | C13: hr
A14: №1終沈汚泥かき寄せ機 | C14: hr
A15: №2終沈汚泥かき寄せ機 | C15: hr
A16: NO.1返送汚泥ポンプ | C16: hr
A17: NO.2返送汚泥ポンプ | C17: hr
A18: NO.3返送汚泥ポンプ | C18: hr
A19: NO.4返送汚泥ポンプ | C19: hr
... A29: 発電機 | C29: hr
A30: 備考
A39: 筒 賀 水 質 管 理 セ ン ター
A41: 主 要 機 器 運 転 時 間
A43: 46090 | D43: ～ | F43: =A43+4
A45: 機 器 名 称 | D45: 月 | E45: 火 | F45: 水 | G45: 木 | H45: 金
A46: NO.1主ポンプ | C46: hr
A47: NO.2主ポンプ | C47: hr
A48: NO.1エアレーション装置 | C48: hr
A49: NO.2エアレーション装置 | C49: hr
A50: NO.3エアレーション装置 | C50: hr
A51: NO.4エアレーション装置 | C51: hr
A52: №1終沈汚泥かき寄せ機 | C52: hr
A53: №2終沈汚泥かき寄せ機 | C53: hr
A54: NO.1返送汚泥ポンプ | C54: hr
A55: NO.2返送汚泥ポンプ | C55: hr
A56: NO.3返送汚泥ポンプ | C56: hr
A57: NO.4返送汚泥ポンプ | C57: hr
... A67: 発電機 | C67: hr
A68: 備考
A77: 筒 賀 水 質 管 理 セ ン ター
A79: 主 要 機 器 運 転 時 間
A81: 46097 | D81: ～ | F81: =A81+3
A83: 機 器 名 称 | D83: 月 | E83: 火 | F83: 水 | G83: 木 | H83: 金
A84: NO.1主ポンプ | C84: hr
A85: NO.2主ポンプ | C85: hr
A86: NO.1エアレーション装置 | C86: hr
A87: NO.2エアレーション装置 | C87: hr
A88: NO.3エアレーション装置 | C88: hr
A89: NO.4エアレーション装置 | C89: hr
A90: №1終沈汚泥かき寄せ機 | C90: hr
A91: №2終沈汚泥かき寄せ機 | C91: hr
A92: NO.1返送汚泥ポンプ | C92: hr
A93: NO.2返送汚泥ポンプ | C93: hr
A94: NO.3返送汚泥ポンプ | C94: hr
A95: NO.4返送汚泥ポンプ | C95: hr
... A105: 発電機 | C105: hr
A106: 備考
A115: 筒 賀 水 質 管 理 セ ン ター
A117: 主 要 機 器 運 転 時 間
A119: 46104 | D119: ～ | F119: =A119+4
A121: 機 器 名 称 | D121: 月 | E121: 火 | F121: 水 | G121: 木 | H121: 金
A122: NO.1主ポンプ | C122: hr
A123: NO.2主ポンプ | C123: hr
A124: NO.1エアレーション装置 | C124: hr
A125: NO.2エアレーション装置 | C125: hr
A126: NO.3エアレーション装置 | C126: hr
A127: NO.4エアレーション装置 | C127: hr
A128: №1終沈汚泥かき寄せ機 | C128: hr
A129: №2終沈汚泥かき寄せ機 | C129: hr
A130: NO.1返送汚泥ポンプ | C130: hr
A131: NO.2返送汚泥ポンプ | C131: hr
A132: NO.3返送汚泥ポンプ | C132: hr
A133: NO.4返送汚泥ポンプ | C133: hr
... A143: 発電機 | C143: hr
A144: 備考
A153: 筒 賀 水 質 管 理 セ ン ター
A155: 主 要 機 器 運 転 時 間
A157: 46111 | D157: ～ | F157: =A157+1
A159: 機 器 名 称 | D159: 月 | E159: 火 | F159: 水 | G159: 木 | H159: 金
A160: NO.1主ポンプ | C160: hr
A161: NO.2主ポンプ | C161: hr
A162: NO.1エアレーション装置 | C162: hr
A163: NO.2エアレーション装置 | C163: hr
A164: NO.3エアレーション装置 | C164: hr
A165: NO.4エアレーション装置 | C165: hr
A166: №1終沈汚泥かき寄せ機 | C166: hr
A167: №2終沈汚泥かき寄せ機 | C167: hr
A168: NO.1返送汚泥ポンプ | C168: hr
A169: NO.2返送汚泥ポンプ | C169: hr
A170: NO.3返送汚泥ポンプ | C170: hr
A171: NO.4返送汚泥ポンプ | C171: hr
... A181: 発電機 | C181: hr
A182: 備考
